customer_id,full_name,address,id_type,id_number,registration_date,email_address,phone_number
1,Leah Rivera,"131 Main St, Boston, MA",Passport,PP-981637,2025-06-29,leah.rivera704@examplemail.com,+1-929-555-6959
2,Isaac Ross,"683 Main St, Chicago, IL",Driver Licence,DL-161026,2023-06-18,isaac.ross94@examplemail.com,+1-650-555-6443
3,Mia Mitchell,"622 Elgin St, Calgary, AB",Driver Licence,DL-543463,2026-01-24,mia.mitchell190@examplemail.com,+1-836-555-5984
4,Julian Diaz,"590 Elgin St, Ottawa, ON",SIN,SIN-684463,2024-09-30,julian.diaz165@examplemail.com,+1-425-555-1451
5,Zoe Bennett,"657 Queen St, Ottawa, ON",Passport,PP-763630,2023-06-30,zoe.bennett183@examplemail.com,+1-848-555-8366
6,Lucas Rivera,"782 Wellington St, Chicago, IL",Passport,PP-199099,2023-09-27,lucas.rivera793@examplemail.com,+1-286-555-6953
7,Theodore Khan,"635 Queen St, Vancouver, BC",SIN,SIN-404128,2025-12-29,theodore.khan447@examplemail.com,+1-475-555-4705
8,Mia Reid,"125 Queen St, Boston, MA",Driver Licence,DL-539853,2023-11-15,mia.reid60@examplemail.com,+1-402-555-4460
9,Isaac Johnson,"87 Wellington St, Vancouver, BC",SIN,SIN-952429,2023-10-11,isaac.johnson354@examplemail.com,+1-844-555-5281
10,Olivia Rivera,"892 Wellington St, Ottawa, ON",Driver Licence,DL-550710,2023-06-22,olivia.rivera306@examplemail.com,+1-690-555-7799
11,Jack Singh,"151 Main St, Ottawa, ON",SIN,SIN-732091,2023-05-09,jack.singh869@examplemail.com,+1-329-555-8684
12,Mason Kelly,"565 Cedar St, Calgary, AB",Driver Licence,DL-724787,2024-11-28,mason.kelly872@examplemail.com,+1-243-555-9203
13,Alexander Gagnon,"211 Elgin St, Seattle, WA",SIN,SIN-963753,2024-07-21,alexander.gagnon3@examplemail.com,+1-920-555-7816
14,Benjamin Murphy,"769 Pine St, Montréal, QC",Driver Licence,DL-390294,2023-08-15,benjamin.murphy378@examplemail.com,+1-303-555-2878
15,Aiden Carter,"211 Maple St, Boston, MA",Driver Licence,DL-209804,2025-01-26,aiden.carter676@examplemail.com,+1-214-555-9167
16,Henry Scott,"411 Queen St, Calgary, AB",SIN,SIN-374913,2024-03-30,henry.scott175@examplemail.com,+1-288-555-7363
17,Sebastian Gagnon,"740 King St, Calgary, AB",Passport,PP-677762,2024-07-18,sebastian.gagnon182@examplemail.com,+1-295-555-4910
18,Benjamin Gagnon,"30 Maple St, Ottawa, ON",SIN,SIN-479231,2025-07-19,benjamin.gagnon841@examplemail.com,+1-624-555-5101
19,Leah Gagnon,"391 Main St, Calgary, AB",Driver Licence,DL-404062,2024-12-10,leah.gagnon893@examplemail.com,+1-692-555-9386
20,Grace Khan,"648 Queen St, Montréal, QC",SIN,SIN-576198,2024-10-10,grace.khan675@examplemail.com,+1-905-555-8761
21,Mason Shah,"763 Maple St, Chicago, IL",SIN,SIN-142203,2026-02-24,mason.shah503@examplemail.com,+1-923-555-1056
22,Hannah Tremblay,"546 Pine St, Vancouver, BC",Passport,PP-374160,2023-02-12,hannah.tremblay426@examplemail.com,+1-730-555-8424
23,Olivia Bennett,"465 Queen St, Montréal, QC",Passport,PP-575732,2024-07-03,olivia.bennett89@examplemail.com,+1-573-555-9692
24,Aria Patel,"719 Pine St, Montréal, QC",Driver Licence,DL-786764,2025-12-30,aria.patel839@examplemail.com,+1-619-555-4246
25,Leah Baker,"108 King St, Toronto, ON",Driver Licence,DL-579935,2024-05-20,leah.baker698@examplemail.com,+1-321-555-2243
26,Lily Tremblay,"875 Cedar St, Vancouver, BC",SIN,SIN-906392,2024-12-26,lily.tremblay756@examplemail.com,+1-606-555-7969
27,Theodore Bennett,"96 Cedar St, Seattle, WA",Passport,PP-846924,2026-03-05,theodore.bennett366@examplemail.com,+1-632-555-7816
28,Theodore Diaz,"583 King St, Ottawa, ON",SIN,SIN-174477,2023-02-05,theodore.diaz702@examplemail.com,+1-968-555-4972
29,Leo Wright,"813 Maple St, Toronto, ON",Driver Licence,DL-396474,2024-09-06,leo.wright134@examplemail.com,+1-389-555-8683
30,Benjamin Miller,"238 Main St, Seattle, WA",Passport,PP-828353,2023-01-27,benjamin.miller332@examplemail.com,+1-408-555-6086
31,Harper Ross,"817 Pine St, Vancouver, BC",Driver Licence,DL-242954,2025-01-05,harper.ross385@examplemail.com,+1-281-555-3984
32,Sebastian Nguyen,"225 Wellington St, Montréal, QC",Driver Licence,DL-233953,2023-01-01,sebastian.nguyen545@examplemail.com,+1-282-555-8419
33,Ethan Mitchell,"156 Maple St, Calgary, AB",Passport,PP-851192,2025-07-02,ethan.mitchell612@examplemail.com,+1-348-555-6968
34,Lucas Ross,"433 Wellington St, Vancouver, BC",SIN,SIN-490299,2025-08-03,lucas.ross898@examplemail.com,+1-718-555-6481
35,Mia Mitchell,"575 Queen St, Chicago, IL",Driver Licence,DL-307964,2024-04-24,mia.mitchell557@examplemail.com,+1-584-555-3692
36,Grace Baker,"175 Elgin St, Ottawa, ON",Driver Licence,DL-398372,2024-03-12,grace.baker310@examplemail.com,+1-952-555-2341
37,Noah Johnson,"796 Queen St, Montréal, QC",Driver Licence,DL-726208,2024-11-24,noah.johnson898@examplemail.com,+1-569-555-1488
38,Thomas Chen,"399 Main St, Vancouver, BC",Driver Licence,DL-192548,2025-05-17,thomas.chen590@examplemail.com,+1-589-555-3938
39,Henry Hill,"568 King St, Seattle, WA",SIN,SIN-274024,2024-05-16,henry.hill940@examplemail.com,+1-421-555-2700
40,Evelyn Ahmed,"579 Wellington St, Montréal, QC",Driver Licence,DL-690593,2025-08-16,evelyn.ahmed630@examplemail.com,+1-937-555-8434
41,Fatima Price,"32 Cedar St, Toronto, ON",Driver Licence,DL-437723,2025-08-18,fatima.price883@examplemail.com,+1-734-555-3990
42,Leo Walker,"188 Cedar St, Montréal, QC",SIN,SIN-815294,2026-02-02,leo.walker347@examplemail.com,+1-506-555-7255
43,Grace Price,"882 Cedar St, Boston, MA",Driver Licence,DL-327836,2025-03-09,grace.price338@examplemail.com,+1-459-555-2137
44,Nathan Kelly,"641 Queen St, Seattle, WA",SIN,SIN-864579,2025-09-23,nathan.kelly109@examplemail.com,+1-344-555-7697
45,Isaac Rivera,"235 Elgin St, Calgary, AB",Passport,PP-710853,2025-11-12,isaac.rivera670@examplemail.com,+1-673-555-1031
46,James Lopez,"366 Pine St, Vancouver, BC",Driver Licence,DL-467197,2024-11-21,james.lopez590@examplemail.com,+1-809-555-9967
47,Amelia Bennett,"872 Maple St, Vancouver, BC",Driver Licence,DL-760244,2025-01-27,amelia.bennett368@examplemail.com,+1-402-555-8967
48,Leah Price,"114 Maple St, Chicago, IL",Passport,PP-876154,2023-01-29,leah.price379@examplemail.com,+1-876-555-8993
49,Leo Parker,"654 Queen St, Calgary, AB",Driver Licence,DL-788640,2023-06-23,leo.parker925@examplemail.com,+1-585-555-1570
50,Zoe Shah,"311 Elgin St, Ottawa, ON",Driver Licence,DL-140467,2024-09-25,zoe.shah103@examplemail.com,+1-502-555-8939
51,Henry Kelly,"546 Main St, Seattle, WA",Driver Licence,DL-102251,2024-01-24,henry.kelly616@examplemail.com,+1-889-555-6273
52,Zoe Wright,"279 Pine St, Ottawa, ON",Driver Licence,DL-172204,2024-07-06,zoe.wright478@examplemail.com,+1-321-555-2422
53,Jack Walker,"858 Main St, Seattle, WA",SIN,SIN-397465,2025-09-25,jack.walker793@examplemail.com,+1-504-555-2890
54,Fatima Gagnon,"234 Main St, Chicago, IL",Driver Licence,DL-797585,2025-06-29,fatima.gagnon235@examplemail.com,+1-377-555-7412
55,Nathan Mitchell,"714 Pine St, Vancouver, BC",Passport,PP-417347,2023-09-26,nathan.mitchell798@examplemail.com,+1-335-555-3414
56,Liam Scott,"634 Cedar St, Boston, MA",Passport,PP-636857,2023-04-01,liam.scott973@examplemail.com,+1-956-555-3438
57,Sarah Patel,"395 King St, Chicago, IL",Driver Licence,DL-573655,2024-02-17,sarah.patel964@examplemail.com,+1-534-555-7401
58,Charlotte Baker,"669 Cedar St, Vancouver, BC",SIN,SIN-711509,2023-09-05,charlotte.baker697@examplemail.com,+1-637-555-8258
59,Chloe Rivera,"815 King St, Montréal, QC",Passport,PP-546346,2023-10-09,chloe.rivera246@examplemail.com,+1-223-555-8946
60,Gabriel Hill,"42 Elgin St, Boston, MA",Driver Licence,DL-530173,2025-09-16,gabriel.hill944@examplemail.com,+1-344-555-9940
61,Harper Price,"130 Elgin St, Toronto, ON",Driver Licence,DL-360367,2023-09-26,harper.price415@examplemail.com,+1-733-555-7435
62,Mila Wright,"61 Maple St, Vancouver, BC",SIN,SIN-297560,2025-11-04,mila.wright222@examplemail.com,+1-654-555-9486
63,Isaac Diaz,"589 Pine St, Vancouver, BC",Passport,PP-330349,2025-10-10,isaac.diaz525@examplemail.com,+1-952-555-7411
64,Gabriel Roy,"492 Maple St, Toronto, ON",SIN,SIN-458185,2023-03-10,gabriel.roy854@examplemail.com,+1-643-555-2854
65,Lily Kim,"188 Cedar St, Vancouver, BC",Passport,PP-310140,2023-08-18,lily.kim464@examplemail.com,+1-281-555-7960
66,Daniel Tremblay,"980 Wellington St, Calgary, AB",SIN,SIN-987729,2025-08-08,daniel.tremblay92@examplemail.com,+1-564-555-6416
67,Gabriel Shah,"377 Queen St, Montréal, QC",Driver Licence,DL-431263,2023-05-05,gabriel.shah130@examplemail.com,+1-636-555-7551
68,Sebastian Lopez,"664 Wellington St, Montréal, QC",SIN,SIN-310721,2023-10-22,sebastian.lopez139@examplemail.com,+1-257-555-4625
69,Layla Murphy,"271 Wellington St, Ottawa, ON",Driver Licence,DL-675900,2025-10-21,layla.murphy511@examplemail.com,+1-463-555-8516
70,Leo Khan,"271 Wellington St, Ottawa, ON",SIN,SIN-962614,2023-10-31,leo.khan613@examplemail.com,+1-943-555-6979
71,Aria Roy,"270 Cedar St, Calgary, AB",Passport,PP-195738,2024-09-07,aria.roy227@examplemail.com,+1-272-555-1632
72,Alexander Ross,"788 Wellington St, Toronto, ON",SIN,SIN-579227,2023-10-01,alexander.ross87@examplemail.com,+1-613-555-9317
73,Nathan Wright,"216 Main St, Vancouver, BC",Passport,PP-137852,2023-12-09,nathan.wright748@examplemail.com,+1-581-555-7027
74,Alexander Rivera,"120 Wellington St, Montréal, QC",SIN,SIN-507395,2024-02-22,alexander.rivera296@examplemail.com,+1-489-555-7897
75,Evelyn Khan,"846 Elgin St, Toronto, ON",SIN,SIN-187162,2023-10-07,evelyn.khan359@examplemail.com,+1-390-555-7629
76,Anika Scott,"582 Main St, Calgary, AB",Driver Licence,DL-742819,2024-04-06,anika.scott296@examplemail.com,+1-408-555-6210
77,Victor Parker,"806 Maple St, Ottawa, ON",Driver Licence,DL-440715,2024-11-05,victor.parker691@examplemail.com,+1-820-555-7003
78,Mila Walker,"241 Pine St, Ottawa, ON",SIN,SIN-736145,2023-02-11,mila.walker834@examplemail.com,+1-513-555-1118
79,Sophia Nguyen,"805 Cedar St, Seattle, WA",SIN,SIN-772526,2025-04-18,sophia.nguyen368@examplemail.com,+1-845-555-6913
80,Aiden Singh,"276 Elgin St, Ottawa, ON",Driver Licence,DL-524468,2025-05-28,aiden.singh266@examplemail.com,+1-573-555-9687
81,Evelyn Shah,"998 Pine St, Toronto, ON",Driver Licence,DL-778545,2025-08-18,evelyn.shah530@examplemail.com,+1-419-555-4738
82,Amelia Murphy,"987 Wellington St, Toronto, ON",Driver Licence,DL-805783,2023-10-27,amelia.murphy830@examplemail.com,+1-735-555-1522
83,Hannah Lopez,"990 Pine St, Calgary, AB",Passport,PP-240934,2026-02-18,hannah.lopez807@examplemail.com,+1-686-555-2059
84,Alexander Parker,"461 King St, Boston, MA",Passport,PP-971924,2026-01-25,alexander.parker569@examplemail.com,+1-705-555-9752
85,Leo Martin,"621 Cedar St, Calgary, AB",Driver Licence,DL-882424,2026-01-03,leo.martin392@examplemail.com,+1-922-555-1736
86,Mason Bennett,"69 Pine St, Vancouver, BC",Driver Licence,DL-329405,2023-09-14,mason.bennett231@examplemail.com,+1-386-555-2087
87,Sarah Mitchell,"482 Elgin St, Montréal, QC",Passport,PP-988341,2023-05-16,sarah.mitchell890@examplemail.com,+1-651-555-7315
88,Chloe Kim,"609 Main St, Toronto, ON",SIN,SIN-462423,2025-08-31,chloe.kim71@examplemail.com,+1-461-555-2955
89,Benjamin Young,"880 Cedar St, Seattle, WA",Passport,PP-414563,2025-05-18,benjamin.young905@examplemail.com,+1-868-555-6359
90,Julian Clarke,"917 King St, Montréal, QC",Passport,PP-851331,2024-09-05,julian.clarke772@examplemail.com,+1-314-555-8384
91,Camille Ahmed,"225 Queen St, Boston, MA",SIN,SIN-526852,2026-02-14,camille.ahmed254@examplemail.com,+1-241-555-2493
92,Thomas Johnson,"411 Maple St, Vancouver, BC",Driver Licence,DL-803496,2023-07-31,thomas.johnson262@examplemail.com,+1-417-555-3271
93,Lucas Martin,"457 Wellington St, Calgary, AB",Passport,PP-391042,2025-04-17,lucas.martin294@examplemail.com,+1-900-555-2220
94,Owen Roy,"538 Pine St, Chicago, IL",SIN,SIN-616806,2025-12-30,owen.roy73@examplemail.com,+1-974-555-5598
95,Lily Khan,"702 Elgin St, Seattle, WA",Driver Licence,DL-543042,2025-06-18,lily.khan876@examplemail.com,+1-736-555-9520
96,Amelia Tremblay,"855 Wellington St, Chicago, IL",SIN,SIN-988323,2023-09-04,amelia.tremblay743@examplemail.com,+1-579-555-2640
97,Sophia Bennett,"622 King St, Calgary, AB",Passport,PP-127130,2025-10-18,sophia.bennett535@examplemail.com,+1-268-555-4439
98,Chloe Nguyen,"342 Maple St, Boston, MA",Driver Licence,DL-757570,2024-09-07,chloe.nguyen993@examplemail.com,+1-634-555-9007
99,Olivia Miller,"91 Pine St, Calgary, AB",Driver Licence,DL-202420,2025-12-28,olivia.miller469@examplemail.com,+1-573-555-2923
100,Noah Johnson,"80 Elgin St, Toronto, ON",Driver Licence,DL-388194,2024-09-07,noah.johnson680@examplemail.com,+1-961-555-8459
101,Sarah Bennett,"995 King St, Montréal, QC",Driver Licence,DL-572441,2023-08-24,sarah.bennett78@examplemail.com,+1-714-555-3980
102,Aiden Wilson,"837 Maple St, Vancouver, BC",Passport,PP-195467,2026-03-07,aiden.wilson211@examplemail.com,+1-378-555-1885
103,Sarah Mitchell,"804 Elgin St, Calgary, AB",Driver Licence,DL-868193,2025-09-16,sarah.mitchell495@examplemail.com,+1-916-555-5832
104,Mila Wilson,"244 King St, Ottawa, ON",Driver Licence,DL-150983,2024-06-22,mila.wilson798@examplemail.com,+1-326-555-1075
105,Leah Murphy,"335 Wellington St, Calgary, AB",SIN,SIN-109710,2024-02-29,leah.murphy20@examplemail.com,+1-765-555-3350
106,Victor Ahmed,"450 Maple St, Ottawa, ON",SIN,SIN-717213,2025-12-28,victor.ahmed571@examplemail.com,+1-977-555-9124
107,Hannah Roy,"26 Maple St, Chicago, IL",SIN,SIN-251404,2023-06-13,hannah.roy240@examplemail.com,+1-987-555-5279
108,Theodore Price,"435 Wellington St, Chicago, IL",Passport,PP-502825,2023-08-29,theodore.price477@examplemail.com,+1-915-555-4484
109,Sarah Khan,"270 Queen St, Calgary, AB",Passport,PP-495341,2025-04-02,sarah.khan687@examplemail.com,+1-742-555-8141
110,Nora Johnson,"338 King St, Montréal, QC",SIN,SIN-606960,2023-08-16,nora.johnson563@examplemail.com,+1-501-555-6443
111,Ethan Carter,"328 Elgin St, Ottawa, ON",SIN,SIN-177359,2024-07-27,ethan.carter338@examplemail.com,+1-832-555-8887
112,David Kelly,"553 Cedar St, Calgary, AB",Passport,PP-303966,2025-05-01,david.kelly143@examplemail.com,+1-488-555-2480
113,Nathan Martin,"290 Main St, Vancouver, BC",SIN,SIN-973783,2023-11-29,nathan.martin632@examplemail.com,+1-788-555-1493
114,Hannah Murphy,"745 Wellington St, Montréal, QC",Driver Licence,DL-154420,2024-05-25,hannah.murphy310@examplemail.com,+1-603-555-8080
115,Benjamin Gagnon,"971 Main St, Toronto, ON",Driver Licence,DL-493776,2026-01-28,benjamin.gagnon374@examplemail.com,+1-282-555-4247
116,Elijah Scott,"210 King St, Ottawa, ON",Passport,PP-644646,2025-03-28,elijah.scott444@examplemail.com,+1-293-555-7781
117,Camille Walker,"61 Pine St, Montréal, QC",Passport,PP-270278,2023-12-29,camille.walker947@examplemail.com,+1-917-555-3247
118,Olivia Singh,"222 King St, Boston, MA",SIN,SIN-585912,2025-09-06,olivia.singh126@examplemail.com,+1-834-555-2738
119,Daniel Bennett,"546 Pine St, Chicago, IL",Driver Licence,DL-862413,2024-01-25,daniel.bennett699@examplemail.com,+1-315-555-2018
120,Jasmine Kim,"629 Wellington St, Ottawa, ON",Passport,PP-122773,2023-12-16,jasmine.kim132@examplemail.com,+1-466-555-7776
121,Aria Carter,"754 Wellington St, Vancouver, BC",SIN,SIN-714097,2023-12-23,aria.carter265@examplemail.com,+1-455-555-8568
122,Mason Chen,"604 Wellington St, Montréal, QC",SIN,SIN-879424,2023-05-11,mason.chen321@examplemail.com,+1-389-555-9914
123,Ava Kelly,"547 King St, Toronto, ON",Passport,PP-343297,2025-08-19,ava.kelly732@examplemail.com,+1-676-555-6960
124,Hannah Singh,"425 Elgin St, Montréal, QC",Passport,PP-896503,2025-10-31,hannah.singh892@examplemail.com,+1-735-555-8580
125,Fatima Martin,"579 Pine St, Chicago, IL",Driver Licence,DL-830434,2024-04-21,fatima.martin408@examplemail.com,+1-249-555-8452
126,Hannah Bennett,"351 Wellington St, Vancouver, BC",Passport,PP-416953,2024-04-26,hannah.bennett299@examplemail.com,+1-379-555-3557
127,Liam Miller,"129 Pine St, Ottawa, ON",Passport,PP-763117,2025-08-03,liam.miller104@examplemail.com,+1-750-555-7877
128,Daniel Clarke,"105 King St, Montréal, QC",Passport,PP-754979,2024-04-29,daniel.clarke421@examplemail.com,+1-616-555-8282
129,Aiden Wright,"781 King St, Ottawa, ON",Driver Licence,DL-628162,2026-02-12,aiden.wright669@examplemail.com,+1-715-555-4296
130,Gabriel Reid,"104 King St, Boston, MA",Passport,PP-343271,2024-10-03,gabriel.reid464@examplemail.com,+1-212-555-1231
131,Ethan Kim,"302 Main St, Montréal, QC",Passport,PP-969307,2025-04-04,ethan.kim386@examplemail.com,+1-480-555-5979
132,Adam Shah,"840 Elgin St, Seattle, WA",SIN,SIN-521963,2024-07-16,adam.shah413@examplemail.com,+1-713-555-1504
133,Sophia Ahmed,"42 Wellington St, Seattle, WA",Driver Licence,DL-168280,2025-03-09,sophia.ahmed438@examplemail.com,+1-944-555-9559
134,David Mitchell,"165 Queen St, Vancouver, BC",Passport,PP-955912,2025-08-10,david.mitchell407@examplemail.com,+1-344-555-2504
135,Leo Carter,"141 King St, Toronto, ON",Passport,PP-265031,2023-02-07,leo.carter373@examplemail.com,+1-843-555-9726
136,Charlotte Khan,"795 Wellington St, Boston, MA",Passport,PP-461265,2023-04-02,charlotte.khan374@examplemail.com,+1-337-555-6215
137,Elijah Patel,"436 Wellington St, Calgary, AB",SIN,SIN-438667,2026-03-25,elijah.patel578@examplemail.com,+1-725-555-8596
138,Mason Clarke,"855 Queen St, Vancouver, BC",Driver Licence,DL-543048,2024-11-07,mason.clarke279@examplemail.com,+1-615-555-8267
139,Mason Patel,"683 Main St, Ottawa, ON",Passport,PP-498964,2025-04-16,mason.patel298@examplemail.com,+1-509-555-2886
140,Hannah Carter,"489 Maple St, Montréal, QC",SIN,SIN-506576,2025-08-20,hannah.carter236@examplemail.com,+1-856-555-6382
141,Isabella Ross,"51 Queen St, Boston, MA",Passport,PP-397486,2024-11-09,isabella.ross640@examplemail.com,+1-842-555-6543
142,Charlotte Kim,"207 Main St, Ottawa, ON",SIN,SIN-357352,2025-12-24,charlotte.kim294@examplemail.com,+1-612-555-5531
143,Olivia Johnson,"391 Wellington St, Boston, MA",SIN,SIN-445688,2025-07-11,olivia.johnson360@examplemail.com,+1-579-555-7962
144,Isaac Khan,"520 Main St, Seattle, WA",Passport,PP-385780,2024-05-26,isaac.khan936@examplemail.com,+1-774-555-9838
145,Jasmine Lefebvre,"215 Queen St, Ottawa, ON",Passport,PP-788252,2024-08-10,jasmine.lefebvre873@examplemail.com,+1-343-555-7328
146,Noah Khan,"807 Queen St, Ottawa, ON",Driver Licence,DL-445509,2024-01-10,noah.khan543@examplemail.com,+1-832-555-8026
147,Jasmine Ross,"311 Main St, Ottawa, ON",Passport,PP-955758,2023-10-16,jasmine.ross623@examplemail.com,+1-643-555-3973
148,James Martin,"713 Elgin St, Boston, MA",SIN,SIN-504782,2023-10-28,james.martin254@examplemail.com,+1-414-555-1464
149,Alexander Chen,"580 Cedar St, Chicago, IL",Passport,PP-238970,2025-06-18,alexander.chen964@examplemail.com,+1-689-555-1901
150,Mason Ross,"501 Queen St, Ottawa, ON",Driver Licence,DL-359352,2024-05-23,mason.ross937@examplemail.com,+1-410-555-3377
151,Mila Ross,"500 King St, Seattle, WA",Driver Licence,DL-226985,2025-10-29,mila.ross498@examplemail.com,+1-498-555-7581
152,Henry Murphy,"31 Main St, Calgary, AB",Driver Licence,DL-775913,2025-03-06,henry.murphy593@examplemail.com,+1-367-555-6919
153,Sophia Scott,"674 Wellington St, Montréal, QC",Passport,PP-995884,2023-02-20,sophia.scott61@examplemail.com,+1-984-555-3140
154,Camille Ahmed,"208 Main St, Montréal, QC",SIN,SIN-297311,2024-04-29,camille.ahmed15@examplemail.com,+1-477-555-2731
155,Leah Parker,"183 Elgin St, Vancouver, BC",Driver Licence,DL-276226,2025-01-02,leah.parker941@examplemail.com,+1-820-555-4030
156,Lily Martin,"117 Queen St, Seattle, WA",Driver Licence,DL-411736,2025-03-24,lily.martin191@examplemail.com,+1-449-555-8044
157,Victor Patel,"519 Maple St, Seattle, WA",Driver Licence,DL-538276,2024-08-04,victor.patel521@examplemail.com,+1-865-555-1857
158,Grace Kelly,"849 King St, Boston, MA",Driver Licence,DL-409503,2024-03-16,grace.kelly56@examplemail.com,+1-717-555-3061
159,Isabella Chen,"308 King St, Seattle, WA",SIN,SIN-286860,2023-03-23,isabella.chen503@examplemail.com,+1-544-555-5574
160,Sophia Wright,"635 Main St, Vancouver, BC",SIN,SIN-295073,2025-07-24,sophia.wright227@examplemail.com,+1-898-555-1359
161,Leah Mitchell,"455 Cedar St, Vancouver, BC",Driver Licence,DL-488268,2023-02-25,leah.mitchell476@examplemail.com,+1-539-555-4322
162,Aria Martin,"364 Wellington St, Ottawa, ON",SIN,SIN-433345,2024-12-21,aria.martin466@examplemail.com,+1-693-555-7342
163,Charlotte Lefebvre,"539 Maple St, Seattle, WA",Driver Licence,DL-973190,2025-05-31,charlotte.lefebvre509@examplemail.com,+1-898-555-7408
164,Amelia Rivera,"752 Elgin St, Toronto, ON",SIN,SIN-657462,2024-07-06,amelia.rivera154@examplemail.com,+1-980-555-8842
165,Olivia Khan,"38 Queen St, Chicago, IL",Passport,PP-730418,2023-03-13,olivia.khan327@examplemail.com,+1-989-555-4787
166,Victor Scott,"611 Main St, Boston, MA",Passport,PP-910357,2023-07-12,victor.scott775@examplemail.com,+1-582-555-3684
167,Jack Hill,"338 Elgin St, Montréal, QC",Passport,PP-909457,2024-04-16,jack.hill751@examplemail.com,+1-384-555-6961
168,Sebastian Chen,"530 Wellington St, Ottawa, ON",SIN,SIN-358324,2023-03-15,sebastian.chen222@examplemail.com,+1-281-555-5322
169,Ava Gagnon,"946 Elgin St, Calgary, AB",Driver Licence,DL-889006,2024-02-19,ava.gagnon351@examplemail.com,+1-211-555-4456
170,Leo Walker,"672 Pine St, Ottawa, ON",SIN,SIN-787119,2023-10-09,leo.walker381@examplemail.com,+1-359-555-9615
171,Olivia Mitchell,"723 Elgin St, Montréal, QC",SIN,SIN-561836,2024-08-24,olivia.mitchell341@examplemail.com,+1-860-555-3698
172,Thomas Patel,"72 Wellington St, Chicago, IL",Passport,PP-374273,2024-05-11,thomas.patel160@examplemail.com,+1-237-555-1219
173,Isabella Chen,"225 King St, Boston, MA",Driver Licence,DL-625362,2026-03-15,isabella.chen148@examplemail.com,+1-384-555-6954
174,Sebastian Reid,"666 Pine St, Montréal, QC",Passport,PP-942817,2025-12-16,sebastian.reid430@examplemail.com,+1-383-555-3021
175,Jack Wilson,"266 Queen St, Calgary, AB",SIN,SIN-285102,2024-02-15,jack.wilson670@examplemail.com,+1-870-555-1815
176,Sophia Khan,"293 Wellington St, Montréal, QC",SIN,SIN-965260,2025-07-27,sophia.khan574@examplemail.com,+1-484-555-1685
177,Mila Singh,"387 Elgin St, Ottawa, ON",Passport,PP-600020,2025-12-28,mila.singh165@examplemail.com,+1-408-555-8166
178,David Carter,"455 Wellington St, Toronto, ON",Passport,PP-230360,2024-06-30,david.carter796@examplemail.com,+1-253-555-5444
179,Henry Murphy,"482 Pine St, Vancouver, BC",Passport,PP-713878,2025-11-04,henry.murphy293@examplemail.com,+1-537-555-2701
180,Harper Ross,"461 Cedar St, Ottawa, ON",Passport,PP-185607,2023-08-26,harper.ross547@examplemail.com,+1-217-555-4268
181,Victor Kim,"300 King St, Montréal, QC",Passport,PP-705711,2024-07-15,victor.kim347@examplemail.com,+1-645-555-1757
182,Anika Young,"27 Maple St, Chicago, IL",Driver Licence,DL-301241,2025-05-19,anika.young254@examplemail.com,+1-227-555-3387
183,Theodore Turner,"598 Queen St, Boston, MA",Passport,PP-422261,2025-09-07,theodore.turner955@examplemail.com,+1-895-555-5480
184,Elijah Diaz,"539 Main St, Seattle, WA",Driver Licence,DL-341693,2023-11-05,elijah.diaz85@examplemail.com,+1-761-555-5488
185,Mila Reid,"958 Maple St, Seattle, WA",Passport,PP-970445,2024-01-23,mila.reid571@examplemail.com,+1-793-555-1656
186,Ethan Price,"762 Pine St, Toronto, ON",SIN,SIN-223068,2025-03-01,ethan.price300@examplemail.com,+1-533-555-8901
187,Emma Carter,"547 King St, Montréal, QC",Driver Licence,DL-326123,2025-05-19,emma.carter149@examplemail.com,+1-546-555-6185
188,Grace Patel,"278 Wellington St, Seattle, WA",Driver Licence,DL-883915,2024-08-29,grace.patel815@examplemail.com,+1-955-555-5077
189,Jack Baker,"645 Wellington St, Boston, MA",Driver Licence,DL-793223,2024-02-10,jack.baker723@examplemail.com,+1-851-555-7691
190,Alexander Young,"357 King St, Boston, MA",Driver Licence,DL-167671,2023-10-08,alexander.young668@examplemail.com,+1-917-555-7976
191,Ethan Roy,"139 Main St, Calgary, AB",SIN,SIN-755074,2025-06-16,ethan.roy298@examplemail.com,+1-770-555-3102
192,Lily Parker,"503 Cedar St, Vancouver, BC",Driver Licence,DL-816516,2024-10-01,lily.parker535@examplemail.com,+1-673-555-8652
193,Ethan Johnson,"432 Main St, Toronto, ON",Passport,PP-437798,2023-07-16,ethan.johnson999@examplemail.com,+1-364-555-8901
194,Isabella Murphy,"27 Cedar St, Montréal, QC",Driver Licence,DL-438945,2026-03-17,isabella.murphy558@examplemail.com,+1-256-555-2424
195,Alexander Kelly,"757 Cedar St, Vancouver, BC",SIN,SIN-400902,2024-11-07,alexander.kelly9@examplemail.com,+1-656-555-2193
196,Chloe Kelly,"453 Wellington St, Toronto, ON",SIN,SIN-208804,2025-12-21,chloe.kelly831@examplemail.com,+1-266-555-3216
197,Mila Lopez,"574 Cedar St, Toronto, ON",Driver Licence,DL-527146,2026-02-22,mila.lopez96@examplemail.com,+1-567-555-7734
198,Benjamin Gagnon,"599 Cedar St, Calgary, AB",Driver Licence,DL-880813,2024-11-15,benjamin.gagnon900@examplemail.com,+1-654-555-1209
199,Leah Chen,"539 Wellington St, Ottawa, ON",SIN,SIN-438322,2023-06-23,leah.chen344@examplemail.com,+1-638-555-8288
200,Olivia Ross,"656 Queen St, Montréal, QC",Driver Licence,DL-694384,2025-07-16,olivia.ross838@examplemail.com,+1-388-555-3430
201,Owen Nguyen,"814 Main St, Chicago, IL",SIN,SIN-321647,2025-12-03,owen.nguyen417@examplemail.com,+1-893-555-3512
202,Harper Miller,"126 Pine St, Ottawa, ON",Passport,PP-857618,2024-08-15,harper.miller76@examplemail.com,+1-504-555-7754
203,Victor Wright,"976 King St, Toronto, ON",Passport,PP-257351,2024-01-03,victor.wright359@examplemail.com,+1-394-555-9004
204,Mia Diaz,"742 Elgin St, Montréal, QC",Passport,PP-922020,2025-05-25,mia.diaz666@examplemail.com,+1-465-555-9060
205,Owen Shah,"132 King St, Boston, MA",Passport,PP-331613,2023-02-01,owen.shah330@examplemail.com,+1-784-555-7209
206,Nathan Reid,"133 Pine St, Boston, MA",SIN,SIN-638761,2023-01-04,nathan.reid921@examplemail.com,+1-459-555-2222
207,Camille Singh,"380 King St, Toronto, ON",Passport,PP-361816,2024-03-21,camille.singh671@examplemail.com,+1-256-555-8513
208,Aiden Diaz,"540 Maple St, Ottawa, ON",Driver Licence,DL-278629,2024-07-11,aiden.diaz433@examplemail.com,+1-746-555-2502
209,Thomas Khan,"383 Cedar St, Toronto, ON",Driver Licence,DL-298224,2025-12-13,thomas.khan568@examplemail.com,+1-425-555-7192
210,Anika Young,"250 Maple St, Chicago, IL",Driver Licence,DL-353010,2025-03-21,anika.young290@examplemail.com,+1-850-555-5913
211,Layla Walker,"452 King St, Seattle, WA",Driver Licence,DL-385409,2024-07-30,layla.walker595@examplemail.com,+1-404-555-6503
212,Adam Lefebvre,"678 Cedar St, Calgary, AB",Passport,PP-413143,2024-09-17,adam.lefebvre249@examplemail.com,+1-389-555-9595
213,Layla Reid,"708 Queen St, Montréal, QC",Driver Licence,DL-378266,2026-03-24,layla.reid582@examplemail.com,+1-556-555-6322
214,Adam Carter,"610 Maple St, Ottawa, ON",Passport,PP-875237,2024-05-31,adam.carter510@examplemail.com,+1-820-555-3603
215,Sarah Miller,"54 Pine St, Ottawa, ON",SIN,SIN-784350,2025-11-10,sarah.miller772@examplemail.com,+1-305-555-4301
216,Grace Wright,"200 Queen St, Montréal, QC",Passport,PP-178601,2025-02-28,grace.wright512@examplemail.com,+1-358-555-7954
217,Zoe Nguyen,"397 Queen St, Vancouver, BC",Passport,PP-139368,2023-11-02,zoe.nguyen428@examplemail.com,+1-659-555-3667
218,Julian Bennett,"764 Maple St, Calgary, AB",Driver Licence,DL-829363,2025-05-09,julian.bennett619@examplemail.com,+1-895-555-7921
219,Lucas Nguyen,"579 Maple St, Chicago, IL",SIN,SIN-958164,2024-02-18,lucas.nguyen311@examplemail.com,+1-544-555-2087
220,Isabella Baker,"169 Pine St, Calgary, AB",Passport,PP-423848,2023-05-07,isabella.baker445@examplemail.com,+1-954-555-4021
221,Mia Nguyen,"710 Elgin St, Boston, MA",Driver Licence,DL-491855,2023-12-13,mia.nguyen905@examplemail.com,+1-672-555-1200
222,Daniel Miller,"709 Maple St, Toronto, ON",Driver Licence,DL-575581,2023-12-10,daniel.miller660@examplemail.com,+1-956-555-6851
223,Camille Kelly,"374 King St, Toronto, ON",SIN,SIN-736254,2025-01-30,camille.kelly351@examplemail.com,+1-452-555-5818
224,Gabriel Young,"531 Wellington St, Boston, MA",Driver Licence,DL-235011,2025-12-19,gabriel.young764@examplemail.com,+1-676-555-2422
225,Jack Walker,"65 King St, Ottawa, ON",Passport,PP-450166,2023-05-04,jack.walker759@examplemail.com,+1-863-555-1023
226,Aria Parker,"445 Cedar St, Toronto, ON",Driver Licence,DL-164793,2023-06-18,aria.parker443@examplemail.com,+1-658-555-1176
227,Noah Baker,"976 Pine St, Seattle, WA",Driver Licence,DL-819988,2024-01-16,noah.baker188@examplemail.com,+1-817-555-8328
228,James Young,"256 Wellington St, Seattle, WA",Passport,PP-486279,2025-03-27,james.young270@examplemail.com,+1-375-555-6941
229,Evelyn Ahmed,"465 Wellington St, Calgary, AB",Driver Licence,DL-583768,2023-01-21,evelyn.ahmed721@examplemail.com,+1-892-555-2634
230,Sebastian Baker,"487 King St, Ottawa, ON",Driver Licence,DL-988756,2023-04-26,sebastian.baker443@examplemail.com,+1-545-555-3568
231,Aria Ahmed,"988 Pine St, Vancouver, BC",SIN,SIN-587265,2023-09-21,aria.ahmed516@examplemail.com,+1-802-555-3160
232,Fatima Wilson,"675 King St, Montréal, QC",Driver Licence,DL-399200,2025-06-29,fatima.wilson237@examplemail.com,+1-857-555-1829
233,Aiden Rivera,"531 Elgin St, Toronto, ON",SIN,SIN-679421,2025-12-31,aiden.rivera737@examplemail.com,+1-827-555-3370
234,Jack Chen,"190 Pine St, Seattle, WA",Driver Licence,DL-848640,2023-01-11,jack.chen404@examplemail.com,+1-693-555-6974
235,Alexander Patel,"302 Wellington St, Montréal, QC",Passport,PP-618291,2023-08-22,alexander.patel990@examplemail.com,+1-703-555-4256
236,Noah Patel,"362 Pine St, Boston, MA",Driver Licence,DL-247164,2024-07-25,noah.patel244@examplemail.com,+1-257-555-2719
237,Harper Kelly,"881 Cedar St, Seattle, WA",SIN,SIN-780202,2024-03-21,harper.kelly688@examplemail.com,+1-911-555-8768
238,Sophia Tremblay,"883 Wellington St, Vancouver, BC",Driver Licence,DL-249698,2023-06-27,sophia.tremblay774@examplemail.com,+1-303-555-1623
239,Amelia Baker,"202 Cedar St, Montréal, QC",SIN,SIN-768079,2024-07-25,amelia.baker921@examplemail.com,+1-446-555-6275
240,Jasmine Martin,"775 Queen St, Vancouver, BC",Driver Licence,DL-818425,2025-09-04,jasmine.martin392@examplemail.com,+1-493-555-3742
241,Lily Diaz,"869 Maple St, Calgary, AB",SIN,SIN-369697,2023-08-07,lily.diaz250@examplemail.com,+1-558-555-7205
242,Fatima Murphy,"469 Main St, Chicago, IL",Driver Licence,DL-383942,2025-11-21,fatima.murphy111@examplemail.com,+1-504-555-2757
243,Sophia Nguyen,"923 Main St, Ottawa, ON",Passport,PP-952958,2023-04-04,sophia.nguyen892@examplemail.com,+1-337-555-7309
244,Jasmine Mitchell,"55 Main St, Calgary, AB",SIN,SIN-672994,2023-08-21,jasmine.mitchell410@examplemail.com,+1-234-555-7595
245,Owen Bennett,"99 King St, Toronto, ON",Passport,PP-288949,2025-09-11,owen.bennett20@examplemail.com,+1-850-555-1884
246,Ava Lefebvre,"112 King St, Calgary, AB",Driver Licence,DL-420682,2023-11-30,ava.lefebvre781@examplemail.com,+1-847-555-7751
247,Victor Walker,"544 Wellington St, Seattle, WA",Passport,PP-615546,2025-02-24,victor.walker714@examplemail.com,+1-508-555-8890
248,Grace Singh,"859 Maple St, Ottawa, ON",Passport,PP-158017,2024-04-07,grace.singh793@examplemail.com,+1-781-555-1232
249,Charlotte Parker,"817 Main St, Calgary, AB",SIN,SIN-841664,2023-07-09,charlotte.parker194@examplemail.com,+1-598-555-3806
250,Grace Lopez,"373 Wellington St, Toronto, ON",SIN,SIN-421369,2026-01-11,grace.lopez736@examplemail.com,+1-244-555-8960
251,Zoe Mitchell,"745 Queen St, Calgary, AB",SIN,SIN-929184,2025-06-22,zoe.mitchell657@examplemail.com,+1-578-555-2571
252,Mia Roy,"272 King St, Toronto, ON",Driver Licence,DL-617103,2023-02-02,mia.roy368@examplemail.com,+1-868-555-9261
253,Gabriel Singh,"90 King St, Vancouver, BC",SIN,SIN-590546,2025-04-08,gabriel.singh116@examplemail.com,+1-273-555-9517
254,Mila Miller,"257 King St, Calgary, AB",Driver Licence,DL-687628,2023-07-07,mila.miller811@examplemail.com,+1-585-555-6006
255,Theodore Bennett,"815 King St, Toronto, ON",Passport,PP-516251,2024-06-25,theodore.bennett931@examplemail.com,+1-553-555-5687
256,Gabriel Price,"544 Pine St, Chicago, IL",Passport,PP-405111,2025-08-11,gabriel.price878@examplemail.com,+1-319-555-3644
257,Mia Khan,"98 Cedar St, Boston, MA",SIN,SIN-634440,2023-02-22,mia.khan310@examplemail.com,+1-803-555-6166
258,Lucas Wilson,"802 Queen St, Toronto, ON",SIN,SIN-330011,2023-07-28,lucas.wilson194@examplemail.com,+1-882-555-6644
259,Harper Murphy,"286 Maple St, Calgary, AB",Driver Licence,DL-758467,2025-07-31,harper.murphy912@examplemail.com,+1-343-555-2697
260,Mila Lopez,"215 Wellington St, Calgary, AB",SIN,SIN-943832,2023-07-24,mila.lopez478@examplemail.com,+1-953-555-9566
261,Benjamin Price,"339 Wellington St, Ottawa, ON",Passport,PP-762002,2023-09-25,benjamin.price281@examplemail.com,+1-781-555-5275
262,Sebastian Tremblay,"539 Pine St, Vancouver, BC",Passport,PP-266965,2026-01-24,sebastian.tremblay554@examplemail.com,+1-796-555-3256
263,Gabriel Bennett,"338 King St, Calgary, AB",Passport,PP-602968,2025-01-29,gabriel.bennett967@examplemail.com,+1-754-555-3082
264,Adam Kelly,"662 Queen St, Toronto, ON",Passport,PP-706981,2025-04-15,adam.kelly225@examplemail.com,+1-906-555-7266
265,Anika Patel,"893 King St, Montréal, QC",Driver Licence,DL-797276,2026-01-31,anika.patel680@examplemail.com,+1-269-555-2963
266,Leah Parker,"716 Pine St, Chicago, IL",Passport,PP-820615,2024-07-14,leah.parker686@examplemail.com,+1-452-555-9719
267,Sophia Walker,"919 King St, Ottawa, ON",Driver Licence,DL-485405,2023-07-27,sophia.walker959@examplemail.com,+1-509-555-6779
268,Evelyn Reid,"20 Main St, Ottawa, ON",Driver Licence,DL-999223,2025-10-16,evelyn.reid916@examplemail.com,+1-382-555-1268
269,Olivia Reid,"163 King St, Vancouver, BC",Driver Licence,DL-563255,2025-10-12,olivia.reid96@examplemail.com,+1-562-555-2468
270,Leo Lopez,"459 Pine St, Montréal, QC",Driver Licence,DL-743837,2024-01-13,leo.lopez486@examplemail.com,+1-413-555-2764
271,Julian Khan,"586 Main St, Chicago, IL",Passport,PP-678572,2024-12-02,julian.khan412@examplemail.com,+1-736-555-6142
272,Chloe Hill,"445 Elgin St, Seattle, WA",Passport,PP-142493,2026-02-08,chloe.hill485@examplemail.com,+1-253-555-7264
273,Gabriel Roy,"655 King St, Chicago, IL",SIN,SIN-756678,2024-12-13,gabriel.roy1@examplemail.com,+1-304-555-2756
274,Gabriel Walker,"297 King St, Boston, MA",Passport,PP-348611,2024-05-26,gabriel.walker384@examplemail.com,+1-948-555-2799
275,Liam Price,"550 Cedar St, Boston, MA",Driver Licence,DL-303638,2023-09-23,liam.price677@examplemail.com,+1-788-555-5307
276,Layla Hill,"483 Elgin St, Calgary, AB",Passport,PP-521212,2024-11-30,layla.hill541@examplemail.com,+1-326-555-3752
277,Liam Ross,"232 Queen St, Seattle, WA",SIN,SIN-612059,2024-09-06,liam.ross685@examplemail.com,+1-221-555-3457
278,Mia Murphy,"365 Wellington St, Toronto, ON",Passport,PP-938480,2025-05-05,mia.murphy670@examplemail.com,+1-390-555-2473
279,Emma Murphy,"810 Maple St, Vancouver, BC",SIN,SIN-784362,2023-05-15,emma.murphy466@examplemail.com,+1-704-555-1405
280,Nora Gagnon,"383 Maple St, Ottawa, ON",Driver Licence,DL-413779,2023-11-13,nora.gagnon160@examplemail.com,+1-436-555-2315
281,Fatima Kelly,"233 Pine St, Toronto, ON",SIN,SIN-813311,2025-10-01,fatima.kelly549@examplemail.com,+1-809-555-7602
282,Lucas Martin,"878 Pine St, Vancouver, BC",Driver Licence,DL-392099,2024-07-04,lucas.martin560@examplemail.com,+1-573-555-3590
283,Jasmine Singh,"223 Pine St, Seattle, WA",Driver Licence,DL-471307,2025-01-14,jasmine.singh839@examplemail.com,+1-417-555-2898
284,Jack Gagnon,"547 King St, Vancouver, BC",SIN,SIN-177685,2024-11-18,jack.gagnon116@examplemail.com,+1-829-555-2527
285,Henry Patel,"261 Main St, Montréal, QC",Driver Licence,DL-203527,2024-08-15,henry.patel155@examplemail.com,+1-269-555-1776
286,Sophia Mitchell,"631 Elgin St, Calgary, AB",SIN,SIN-531271,2023-08-29,sophia.mitchell509@examplemail.com,+1-939-555-9766
287,Anika Chen,"576 Elgin St, Ottawa, ON",Driver Licence,DL-285913,2023-04-30,anika.chen905@examplemail.com,+1-866-555-9055
288,Harper Wilson,"775 King St, Boston, MA",Passport,PP-575840,2025-06-22,harper.wilson178@examplemail.com,+1-309-555-8651
289,Jack Murphy,"700 King St, Montréal, QC",Passport,PP-196532,2023-07-20,jack.murphy674@examplemail.com,+1-550-555-1170
290,Sebastian Ahmed,"733 Maple St, Montréal, QC",Passport,PP-923119,2025-02-04,sebastian.ahmed304@examplemail.com,+1-895-555-9297
291,Mason Parker,"355 King St, Calgary, AB",SIN,SIN-378899,2025-11-14,mason.parker970@examplemail.com,+1-928-555-1332
292,Adam Johnson,"487 Cedar St, Chicago, IL",Driver Licence,DL-893767,2023-02-10,adam.johnson258@examplemail.com,+1-636-555-6432
293,Lucas Mitchell,"603 Maple St, Boston, MA",Passport,PP-140450,2023-07-15,lucas.mitchell810@examplemail.com,+1-929-555-1494
294,Layla Kelly,"847 Queen St, Ottawa, ON",Passport,PP-985535,2023-05-31,layla.kelly426@examplemail.com,+1-668-555-9737
295,Sarah Miller,"348 Wellington St, Montréal, QC",Passport,PP-667017,2025-01-22,sarah.miller117@examplemail.com,+1-841-555-7514
296,Henry Nguyen,"175 Main St, Chicago, IL",SIN,SIN-678220,2025-09-06,henry.nguyen450@examplemail.com,+1-720-555-1918
297,Adam Bennett,"671 Maple St, Vancouver, BC",Passport,PP-500280,2026-02-19,adam.bennett520@examplemail.com,+1-876-555-4081
298,Grace Bennett,"473 Queen St, Montréal, QC",Passport,PP-977771,2024-09-23,grace.bennett944@examplemail.com,+1-627-555-5555
299,Amelia Ahmed,"795 Main St, Boston, MA",Driver Licence,DL-586276,2024-10-22,amelia.ahmed648@examplemail.com,+1-856-555-1874
300,Liam Rivera,"106 Queen St, Montréal, QC",Driver Licence,DL-329349,2025-05-22,liam.rivera348@examplemail.com,+1-503-555-1012
301,Sebastian Price,"131 King St, Toronto, ON",SIN,SIN-919131,2023-10-08,sebastian.price752@examplemail.com,+1-521-555-3833
302,Benjamin Hill,"673 Pine St, Boston, MA",Passport,PP-961820,2024-07-08,benjamin.hill136@examplemail.com,+1-403-555-5142
303,Chloe Bennett,"992 Main St, Seattle, WA",SIN,SIN-960213,2023-01-14,chloe.bennett498@examplemail.com,+1-725-555-1520
304,Julian Patel,"852 King St, Calgary, AB",SIN,SIN-363037,2024-09-26,julian.patel579@examplemail.com,+1-818-555-7178
305,Jack Diaz,"660 King St, Montréal, QC",SIN,SIN-578954,2025-09-01,jack.diaz542@examplemail.com,+1-505-555-6222
306,Sarah Bennett,"940 Cedar St, Montréal, QC",Passport,PP-175968,2023-04-21,sarah.bennett100@examplemail.com,+1-938-555-4244
307,Leo Tremblay,"712 Main St, Toronto, ON",Driver Licence,DL-460135,2024-02-26,leo.tremblay83@examplemail.com,+1-578-555-5637
308,Emma Murphy,"988 King St, Chicago, IL",Driver Licence,DL-482296,2023-02-04,emma.murphy882@examplemail.com,+1-930-555-5157
309,Aiden Miller,"49 Queen St, Seattle, WA",SIN,SIN-568060,2024-10-08,aiden.miller935@examplemail.com,+1-623-555-6675
310,Lucas Chen,"214 Main St, Toronto, ON",SIN,SIN-245301,2023-12-11,lucas.chen739@examplemail.com,+1-698-555-4422
311,Sebastian Murphy,"746 Cedar St, Calgary, AB",SIN,SIN-258785,2025-01-15,sebastian.murphy115@examplemail.com,+1-573-555-9892
312,Liam Martin,"696 Maple St, Chicago, IL",SIN,SIN-696740,2024-11-24,liam.martin910@examplemail.com,+1-573-555-9573
313,Zoe Wright,"735 Cedar St, Chicago, IL",Passport,PP-165390,2024-09-27,zoe.wright855@examplemail.com,+1-514-555-5807
314,Daniel Singh,"637 Queen St, Montréal, QC",Passport,PP-173030,2024-09-29,daniel.singh778@examplemail.com,+1-756-555-5165
315,Mila Wright,"140 Pine St, Boston, MA",Driver Licence,DL-828287,2024-11-20,mila.wright614@examplemail.com,+1-708-555-3291
316,Emma Baker,"479 Cedar St, Toronto, ON",Driver Licence,DL-345903,2024-12-23,emma.baker544@examplemail.com,+1-344-555-6000
317,Ava Carter,"202 Main St, Chicago, IL",Driver Licence,DL-905456,2023-04-23,ava.carter598@examplemail.com,+1-621-555-4856
318,Nora Johnson,"794 Main St, Toronto, ON",Passport,PP-553991,2025-03-04,nora.johnson194@examplemail.com,+1-384-555-1664
319,Mila Parker,"765 Wellington St, Calgary, AB",Passport,PP-129316,2023-07-30,mila.parker322@examplemail.com,+1-534-555-2815
320,Zoe Lefebvre,"821 Elgin St, Montréal, QC",SIN,SIN-218301,2023-06-23,zoe.lefebvre748@examplemail.com,+1-642-555-5145
321,Aiden Patel,"372 Maple St, Ottawa, ON",SIN,SIN-703474,2023-02-16,aiden.patel626@examplemail.com,+1-927-555-8645
322,Adam Ross,"591 King St, Vancouver, BC",Passport,PP-484518,2025-03-12,adam.ross703@examplemail.com,+1-657-555-9755
323,Adam Murphy,"281 Elgin St, Vancouver, BC",Passport,PP-487586,2026-01-06,adam.murphy809@examplemail.com,+1-835-555-9670
324,Isaac Roy,"408 Queen St, Calgary, AB",Passport,PP-354509,2025-08-19,isaac.roy272@examplemail.com,+1-678-555-3353
325,Henry Gagnon,"528 King St, Calgary, AB",SIN,SIN-399830,2025-08-24,henry.gagnon215@examplemail.com,+1-397-555-6513
